Id,FirstName,LastName,Age,Address,Email
0,Adriana,Monahan,53,"307 Stanton Summit Keith Walks Ranch Schuppehaven, Michigan 19842-5890",torey@kuphal.ca
0,Dock,Koelpin,56,"87164 Jast Well Jacky Plains Cliffs Boydside, Kansas 01335",everette.dubuque@breitenbergwyman.uk
0,Jettie,Dare,59,"76237 Bethany Run Aylin Park Falls Alexandriatown, Montana 24404-8346",cristopher@stammheaney.com
0,Tyreek,Oberbrunner,29,"6315 Waters Isle Miller Station Hollow South Reyberg, Idaho 77908-4381",marion@kautzer.name
0,Lisa,Halvorson,79,"78551 Jettie Villages Lou Shores Stravenue South Arvel, Georgia 34748-4335",catharine.nader@lowe.ca
0,Eliezer,Parisian,77,"51147 Eric Glens Paucek Shoals Mission Port Gailborough, Minnesota 97989-7701",tavares@raynor.com
0,Meggie,Ebert,64,"881 Gregory Avenue Hubert Rest Views West Emileland, Pennsylvania 27941",frieda@padbergdurgan.co.uk
0,Zechariah,Shanahan,26,"1455 Lora Mall Kianna Forks Ridges Wilkinsonburgh, Missouri 41958",madaline@cartwright.biz
0,Cordelia,Crona,52,"836 Jewell Heights Swift River Stream Powlowskiland, Indiana 01233-7787",marlene_renner@crist.uk
0,Litzy,Upton,40,"39126 Baylee Cape Ray Brook Lakes New Mollie, Arkansas 77838",london_miller@quitzon.co.uk
